-0.190176,-0.195489,a
-0.20834,0.107337,a
-0.487379,0.131786,a
-0.564656,-0.193942,a
0.527243,-0.166957,a
-0.433805,-0.113134,a
0.309885,0.012886,a
-0.498003,0.32746,a
0.228204,-0.46823,a
-0.237898,0.351961,a
0.471269,-0.032767,a
-0.210069,0.303144,a
0.01756,-0.318837,a
0.160543,0.435377,a
-0.245406,0.430159,a
0.520247,0.077217,a
-0.08393,-0.24191,a
0.213232,0.498794,a
0.218398,0.052117,a
-0.232932,0.033773,a
-0.273003,-0.434381,a
0.311156,0.142207,a
0.254844,0.440753,a
0.186983,0.29287,a
0.428625,-0.335559,a
0.530199,-0.190154,a
-0.275287,-0.305126,a
0.427313,-0.086165,a
-0.017068,-0.009155,a
0.327969,0.429318,a
0.319162,0.015448,a
0.111393,-0.207118,a
-0.377693,-0.324248,a
0.553459,0.119164,a
-0.29538,-0.282471,a
-0.474315,-0.346517,a
-0.511061,-0.197742,a
0.081716,0.131507,a
0.28217,0.49631,a
0.077526,0.290039,a
-0.290386,-0.08847,a
0.242282,-0.217478,a
0.540242,-0.153334,a
0.317852,-0.2817,a
-0.490393,0.063455,a
-0.459706,0.324731,a
-0.376504,-0.097972,a
0.227587,-0.259231,a
-0.00297,0.480654,a
-0.251657,-0.263646,a
0.351843,0.263339,a
0.508046,-0.278546,a
0.028312,0.134831,a
-0.246944,0.168158,a
0.103079,-0.032416,a
0.398453,-0.323033,a
0.121057,-0.544323,a
0.080718,-0.539238,a
-0.393278,0.224058,a
0.000652,0.140917,a
-0.066717,0.02192,a
0.294569,-0.286023,a
0.470608,0.065612,a
-0.259441,-0.171654,a
-0.198041,0.220222,a
-0.202466,-0.446621,a
-0.22498,-0.501693,a
-0.071608,0.536569,a
-0.168779,0.306237,a
-0.046077,-0.356736,a
0.307152,-0.112928,a
0.150967,-0.11453,a
-0.357417,0.432703,a
-0.26775,0.205901,a
-0.26954,-0.364869,a
0.002066,0.556586,a
-0.1843,0.517147,a
0.136646,0.427626,a
0.01062,0.365546,a
-0.030194,0.237912,a
0.371055,-0.31456,a
-0.174897,0.017558,a
-0.478686,0.229262,a
-0.195085,0.169215,a
0.181634,-0.52668,a
0.029352,0.112274,a
0.445975,-0.187792,a
-0.041376,0.071057,a
-0.47839,0.170867,a
0.364759,-0.40333,a
-0.064599,0.236064,a
0.072985,-0.426207,a
-0.084972,-0.050434,a
0.159345,0.495484,a
0.40859,0.427051,a
0.093222,-0.311762,a
0.26607,-0.109652,a
0.054141,0.057053,a
0.191815,-0.475353,a
0.056447,0.115965,a
0.348779,0.343761,a
0.393605,0.163863,a
0.266651,-0.255014,a
-0.380178,0.148509,a
-0.440097,0.128088,a
-0.418389,0.402437,a
-0.019617,-0.120905,a
-0.020728,0.492854,a
0.395783,-0.078475,a
0.269134,-0.085083,a
-0.472401,0.182401,a
-0.332177,-0.161998,a
-0.504483,0.0588,a
-0.293306,-0.163953,a
0.076887,0.557088,a
-0.413199,0.32093,a
-0.130596,0.544974,a
0.307306,0.431566,a
0.427217,-0.399742,a
-0.189846,0.088724,a
-0.042071,0.367331,a
-0.156607,0.570089,a
-0.254654,-0.477056,a
-0.014051,0.397061,a
-0.41604,-0.38681,a
0.531262,0.008407,a
-0.087209,-0.547966,a
0.22365,0.328725,a
-0.040033,0.475455,a
-0.33015,-0.073575,a
-0.116758,-0.555367,a
-0.367361,-0.071934,a
-0.010967,-0.424194,a
0.150149,-0.425496,a
-0.012165,0.387059,a
0.241312,-0.168086,a
0.206917,-0.500769,a
-0.146799,-0.118504,a
-0.518545,0.001788,a
0.104941,-0.446361,a
-0.334264,-0.416178,a
0.522112,0.089091,a
0.286229,-0.491747,a
0.362161,-0.322986,a
-0.469677,0.327038,a
0.110299,0.247929,a
-0.474982,-0.061995,a
0.165853,0.190206,a
-0.128926,0.490073,a
0.580564,0.136673,a
-0.490235,-0.301379,a
0.261389,0.20079,a
0.083726,-0.22991,a
-0.124186,-0.102837,a
-0.032952,0.240466,a
-0.028428,0.528369,a
-0.208181,-0.191099,a
-0.099092,-0.33443,a
0.464688,-0.273269,a
0.358399,-0.218439,a
0.459966,0.030276,a
0.126879,0.299944,a
0.188944,0.25748,a
0.542366,-0.188975,a
0.294209,-0.450899,a
-0.453437,-0.252856,a
0.39319,-0.404867,a
0.15502,-0.544636,a
-0.084756,-0.235982,a
0.025921,0.520819,a
-0.133162,-0.016389,a
0.402714,0.229732,a
-0.037424,-0.289423,a
0.246309,-0.358585,a
-0.287857,-0.423914,a
-0.234032,0.17784,a
0.422602,0.008998,a
-0.207007,-0.126008,a
0.290431,-0.064945,a
0.452084,-0.284172,a
-0.114377,-0.528855,a
0.092158,-0.260069,a
-0.335733,0.11673,a
0.430373,0.151304,a
0.20969,0.23613,a
-0.430771,0.327605,a
0.047146,-0.518683,a
0.047499,0.133934,a
0.263085,-0.119964,a
0.120254,-0.292495,a
0.017546,-0.09614,a
-0.094805,-0.566445,a
-0.158727,-0.220236,a
-0.170441,0.486995,a
0.053857,0.471338,a
-0.485165,0.041834,a
0.408135,-0.150416,a
0.163791,0.443868,a
-0.072646,0.353949,a
-0.298731,0.082548,a
0.141654,-0.11147,a
0.214282,0.069626,a
-0.172665,0.468675,a
0.148853,-0.555641,a
-0.181598,-0.508026,a
-0.021825,-0.24476,a
-0.226544,-0.290015,a
0.234141,-0.515829,a
0.303959,-0.265656,a
-0.009523,-0.314145,a
-0.062525,0.5663,a
-0.149106,-0.412418,a
-0.559142,-0.13809,a
0.39535,0.144963,a
-0.348524,-0.086474,a
0.025446,0.514831,a
-0.210442,-0.305555,a
0.077766,-0.584467,a
-0.560439,0.144374,a
0.461599,-0.31541,a
-0.300754,-0.370922,a
0.000764,-0.306534,a
0.067932,0.474669,a
0.274365,-0.460722,a
-0.333919,0.208556,a
0.123828,0.423536,a
-0.288986,0.465224,a
-0.236293,-0.264845,a
-0.493558,-0.297294,a
-0.45129,0.263181,a
0.404481,-0.358322,a
0.321172,-0.134436,a
-0.320373,0.356057,a
0.21446,-0.195271,a
0.527288,-0.285721,a
-0.223936,0.179798,a
0.559968,-0.211597,a
0.3746,-0.363262,a
-0.042861,-0.512625,a
-0.030371,0.177824,a
0.114415,0.403415,a
0.044728,-0.091939,a
-0.081766,-0.409747,a
-0.504777,0.117604,a
0.393198,0.372656,a
0.286651,0.448056,a
0.570633,-0.095174,a
0.429392,-0.368405,a
-0.21458,-0.086191,a
0.150897,-0.372041,a
0.468773,-0.241971,a
-0.022787,-0.290442,a
-0.026075,0.573487,a
0.075694,-0.470594,a
-0.540453,0.084761,a
0.281657,0.497235,a
0.070095,-0.566528,a
-0.009571,0.182665,a
-0.364097,0.274882,a
-0.474573,-0.284017,a
-0.152849,0.011683,a
-0.463043,-0.295641,a
-0.47543,-0.100461,a
0.109248,-0.306366,a
-0.344835,-0.445378,a
-0.271857,0.093842,a
-0.098198,0.095305,a
0.09133,-0.186262,a
0.256584,-0.425697,a
0.081022,0.246577,a
-0.352683,0.328764,a
0.221082,-0.077685,a
1.422014,-0.53066,b
-1.506218,-1.231862,b
1.05427,-1.198166,b
1.008328,-1.037971,b
1.255767,-0.343351,b
-1.418658,-1.303704,b
-1.786257,-0.358822,b
1.457907,-0.01526,b
-1.757439,-0.655606,b
-0.267937,-1.767457,b
1.188406,-0.368918,b
-1.298899,-1.010651,b
-0.820326,-1.444781,b
-0.747259,-1.456294,b
1.221981,-1.084018,b
-1.640592,-0.539344,b
-0.709876,-1.711736,b
0.417402,-1.312916,b
-1.645762,-0.600454,b
-1.541776,-0.620874,b
-1.150819,-1.369182,b
-0.692359,-1.531649,b
-0.60003,-1.504205,b
-1.173662,-1.51315,b
-0.470247,-1.753432,b
0.139436,-1.653679,b
1.428023,-0.206071,b
1.314489,-0.497152,b
-1.853365,-0.053377,b
1.459463,-0.200027,b
0.097144,-1.384034,b
1.243388,-0.710897,b
-0.567342,-1.492394,b
-0.593278,-1.454362,b
-1.052736,-1.148658,b
-1.212337,-1.244652,b
1.025276,-1.055401,b
1.05678,-0.975211,b
-0.234333,-1.442275,b
-0.077254,-1.645471,b
0.066747,-1.585471,b
-1.304728,-1.269768,b
1.23747,-0.922897,b
1.340072,-0.8736,b
-1.606993,-0.530818,b
-1.504905,-0.72356,b
-1.680715,-0.159098,b
-1.454763,-0.828497,b
0.661727,-1.370783,b
0.722253,-1.145324,b
1.372931,-0.179152,b
1.21467,-0.175904,b
0.029127,-1.526353,b
-1.26265,-1.419433,b
1.349819,-0.121111,b
0.337946,-1.66394,b
-1.633072,-0.072233,b
1.402925,-0.761742,b
0.207131,-1.745344,b
0.192644,-1.620689,b
0.124,-1.439764,b
-1.63868,-1.035329,b
1.180205,-0.358046,b
1.327973,-0.612562,b
0.698982,-1.126794,b
1.199682,-0.335183,b
-1.45771,-1.113463,b
0.896975,-0.928879,b
-1.892767,-0.191767,b
1.169494,-0.378758,b
-1.717874,-0.422568,b
1.401482,-0.456016,b
-0.266193,-1.51913,b
0.617444,-1.469096,b
-0.719442,-1.487191,b
-1.283154,-1.387996,b
-1.166414,-1.278906,b
-0.841915,-1.52244,b
1.296167,-0.171893,b
0.160809,-1.362652,b
0.345713,-1.518424,b
-0.747198,-1.374606,b
0.960666,-0.759714,b
-0.011452,-1.514732,b
-0.703545,-1.32517,b
0.055247,-1.624594,b
-0.351103,-1.630756,b
-0.31835,-1.640354,b
-1.768776,-0.112722,b
0.13885,-1.56683,b
-0.036416,-1.679886,b
0.488074,-1.651462,b
-1.518428,-0.889362,b
-0.43007,-1.742875,b
-1.581636,-1.078493,b
1.190471,-0.42168,b
1.424237,-0.568158,b
0.874178,-1.143583,b
-0.749323,-1.548649,b
0.837459,-1.407408,b
-1.726029,-0.264308,b
-0.663386,-1.700039,b
-1.983902,-0.077579,b
1.542063,-0.07543,b
-1.568713,-0.239438,b
0.27812,-1.600436,b
-1.658851,-0.515813,b
-1.048899,-1.499843,b
-1.937982,-0.436964,b
-1.219639,-1.282133,b
-1.758584,-0.516971,b
1.062831,-1.144474,b
0.725852,-1.130117,b
-1.896618,-0.185801,b
-1.032312,-1.338539,b
1.494801,-0.052795,b
0.354053,-1.561735,b
0.116673,-1.69755,b
0.419661,-1.576871,b
-0.539491,-1.506374,b
-1.728853,-0.223837,b
-0.036649,-1.688393,b
-0.988744,-1.409951,b
0.385036,-1.651618,b
-0.163023,-1.639249,b
0.434394,-1.602088,b
-0.820958,-1.383983,b
1.201768,-0.112369,b
-0.869538,-1.322645,b
-1.914516,-0.470354,b
0.970368,-1.021423,b
-1.171044,-1.355521,b
0.180858,-1.552018,b
-0.249043,-1.618338,b
-1.113523,-1.448561,b
-0.217557,-1.437235,b
0.857645,-1.320677,b
-0.500167,-1.648825,b
-1.378286,-0.786367,b
1.058546,-0.582326,b
-1.225599,-1.362761,b
0.675064,-1.314984,b
1.042104,-0.869111,b
0.828986,-1.08321,b
-0.833796,-1.446694,b
-0.836293,-1.596472,b
-1.25938,-1.414813,b
1.070121,-0.563534,b
-0.181207,-1.710728,b
0.935076,-0.872526,b
-0.365421,-1.395204,b
-0.880252,-1.658953,b
1.174985,-0.420169,b
0.972876,-1.15465,b
1.043555,-0.791862,b
1.375092,-0.844654,b
1.063971,-1.234732,b
1.208717,-0.44168,b
0.395171,-1.408399,b
0.439049,-1.550052,b
1.251008,-0.547327,b
1.333906,-0.503728,b
-0.358268,-1.703527,b
0.595415,-1.132848,b
0.450386,-1.639901,b
1.442087,-0.213683,b
0.708166,-1.069722,b
0.958622,-1.023509,b
-0.889851,-1.359518,b
-0.204409,-1.545846,b
-1.453334,-1.120313,b
0.857248,-1.407589,b
0.950442,-0.863885,b
0.38402,-1.369747,b
-0.253516,-1.640063,b
0.254699,-1.563788,b
1.18302,-0.450314,b
0.701662,-1.251799,b
0.140902,-1.614724,b
-1.046671,-1.115965,b
0.923372,-0.856964,b
-0.712819,-1.680776,b
-1.876948,-0.311567,b
-0.665637,-1.545817,b
1.30891,-0.705247,b
-1.568577,-1.114048,b
-1.586208,-0.626381,b
-1.13199,-1.310815,b
-0.122413,-1.5262,b
-0.99849,-1.218053,b
1.282011,-0.836148,b
1.201271,-0.595795,b
-0.309664,-1.576697,b
1.24583,-0.09782,b
-1.265079,-0.907404,b
-0.943195,-1.299944,b
-1.620067,-0.182017,b
1.219252,-0.487397,b
-1.192791,-1.215326,b
-0.40897,-1.526658,b
-1.441135,-0.608648,b
-1.680657,-0.399902,b
-1.640096,-0.41597,b
-0.857556,-1.457111,b
0.010682,-1.512301,b
0.490324,-1.479691,b
1.262872,-0.261128,b
0.159507,-1.643486,b
-0.16776,-1.584571,b
-1.630749,-1.067682,b
-1.688268,-0.542867,b
1.290824,-0.447998,b
-1.495777,-0.746887,b
-1.635036,-0.215225,b
-1.208512,-1.440586,b
-1.188006,-1.279489,b
-1.66542,-0.197788,b
1.531731,-0.025334,b
0.745096,-1.518895,b
-0.49572,-1.602042,b
-1.350447,-0.92474,b
-0.548371,-1.710364,b
-0.602755,-1.558628,b
-0.991902,-1.492172,b
-1.590492,-0.661958,b
1.142181,-1.133053,b
1.08977,-1.082666,b
0.491765,-1.450674,b
1.325775,-0.206812,b
0.069599,-1.521248,b
1.133837,-0.57641,b
-1.752572,-0.0271,b
-1.617306,-0.426378,b
0.646258,-1.48274,b
0.446174,-1.675013,b
-1.607671,-0.838465,b
-1.092285,-1.38334,b
0.932061,-1.071504,b
-0.840153,-1.341341,b
-1.405216,-1.130369,b
-1.516899,-1.100866,b
-1.83683,-0.723875,b
1.261425,-0.574774,b
-1.709127,-0.79752,b
-1.554229,-0.576526,b
-0.103264,-1.461365,b
1.39221,-0.710345,b
0.047728,-1.751918,b
1.31168,-0.288748,b
-0.545024,-1.686178,b
-1.569039,-0.606154,b
1.271524,-0.059587,b
1.510074,-0.350903,b
1.296872,-0.115375,b
-1.471795,-0.653195,b
-1.588251,-0.754717,b
1.319548,-0.83974,b
-1.685136,-0.970615,b
-1.089507,-1.10622,b
-0.905422,-1.420248,b
-0.07037,-1.641643,b
-1.62064,-0.619297,b
0.970917,-1.249915,b
1.232309,-0.801725,b
-1.60282,-0.308412,b
1.084121,-1.156008,b
-1.514828,-0.880936,b
-1.917678,-0.211616,b
-1.300587,-1.005793,b
1.243835,-0.500002,b
1.009702,-1.020805,b
1.447332,-0.196823,b
0.757113,-1.146293,b
-1.801164,-0.202794,b
-1.774822,-0.060228,b
1.0032,-0.726124,b
-0.633294,-1.374055,b
0.224019,-1.540943,b
-0.082575,-1.638234,b
0.448742,-1.465986,b
-1.631739,-0.401581,b
0.781536,-1.198637,b
-1.722375,-0.94824,b
0.648521,-1.096351,b
-1.741999,-0.923371,b
-0.822946,-1.68144,b
0.035559,-1.587962,b
1.032906,-1.184075,b
-0.420106,-1.482899,b
-0.842888,-1.251686,b
1.296117,-0.468079,b
-0.340034,-1.526539,b
-0.450632,-1.74538,b
-1.936178,-0.033894,b
0.594251,-1.406166,b
-1.37186,-1.230931,b
1.439944,-0.489246,b
-0.700084,-1.525121,b
-0.258153,-1.628844,b
0.960209,-0.841156,b
-1.629603,-0.071342,b
1.224718,-0.279386,b
0.941492,-0.943706,b
-0.531264,-1.608439,b
1.387928,-0.524966,b
-0.304288,-1.741638,b
-1.742666,-0.697918,b
0.562074,-1.192596,b
0.717695,-1.090404,b
0.964446,-0.796178,b
1.449111,-0.623557,b
1.114298,-0.962851,b
1.174616,-0.43382,b
0.117338,-1.48603,b
0.99185,-0.781343,b
0.934167,-1.346446,b
0.814485,-1.052345,b
1.493831,-0.51552,b
-0.495307,-1.491169,b
-0.532032,-1.373453,b
0.78654,-1.303314,b
0.226569,-1.632346,b
-1.631292,-0.216509,b
0.015802,-1.402154,b
1.211957,-0.616865,b
0.292634,-1.656353,b
1.136392,-1.114804,b
0.700442,-1.301147,b
-1.79988,-0.730318,b
-0.645968,-1.417416,b
0.672629,-1.071626,b
1.437075,-0.447451,b
-0.586795,-1.425967,b
1.338372,-0.169404,b
-1.957536,-0.104954,b
-0.15331,-1.381678,b
0.743942,-1.148256,b
0.942042,-1.385846,b
-1.705314,-0.874885,b
-1.603456,-0.155022,b
1.348882,-0.438965,b
-1.219759,-1.396939,b
-0.975013,-1.38614,b
-1.870854,-0.067639,b
-1.954627,-0.070367,b
0.627575,-1.194952,b
-1.890126,-0.10173,b
0.859889,-1.023492,b
-1.699752,-0.919072,b
0.84458,-1.459057,b
0.047384,-1.437668,b
1.247594,-0.649006,b
-0.072604,-1.64208,b
1.109516,-0.966703,b
-1.768598,-0.501205,b
1.30426,-0.239249,b
-1.828627,-0.274133,b
-1.441616,-0.999818,b
-1.148803,-1.151639,b
-1.783888,-0.45178,b
0.142882,-1.576572,b
1.418129,-0.30117,b
0.218568,-1.617912,b
1.360155,-0.631849,b
1.180014,-0.306193,b
-0.479362,-1.439173,b
1.054446,-1.230551,b
0.121564,-1.415935,b
-1.563818,-0.35625,b
1.137212,-0.35922,b
0.530163,-1.537008,b
-1.475004,-0.995563,b
-0.128871,-1.570122,b
0.649756,-1.371184,b
-1.586536,-0.152344,b
-1.363837,-1.299811,b
0.121569,-1.762716,b
-0.094812,-1.401025,b
-0.927436,-1.343372,b
-0.180592,-1.395808,b
0.568184,-1.162596,b
-0.613605,-1.653472,b
-1.672712,-0.265298,b
0.276574,-1.560179,b
1.49542,-0.403781,b
-1.626508,-0.331508,b
-1.825184,-0.179717,b
0.947866,-0.866773,b
-1.371846,-0.938837,b
0.92965,-1.101158,b
-0.093432,-1.740936,b
-0.166839,-1.644642,b
-1.496574,-1.054127,b
-1.456941,-0.92053,b
-1.10309,-1.549217,b
-1.693908,-0.487212,b
0.546042,-1.521209,b
-1.407295,-0.713882,b
1.140004,-0.394777,b
-0.967203,-1.541636,b
0.045956,-1.414528,b
-1.313028,-0.913709,b
-1.616862,-0.526388,b
1.397462,-0.32679,b
-0.940671,-1.330939,b
-1.032486,-1.259844,b
1.513295,-0.548086,b
-1.930336,-0.37029,b
0.045285,-1.635821,b
0.662201,-1.205885,b
0.330982,-1.489654,b
-1.143352,-1.017899,b
0.56173,-1.409028,b
1.318017,-0.278551,b
0.575058,-1.56044,b
0.095213,-1.735477,b
0.822923,-1.054748,b
-0.152928,-1.625707,b
0.236796,-1.580314,b
-0.96534,-1.592606,b
0.680927,-1.311499,b
-0.755524,-1.390259,b
0.233188,-1.408444,b
1.559349,-0.150653,b
-1.679854,-0.914206,b
1.474982,-0.320952,b
-0.87258,-1.473487,b
1.334595,-0.047743,b
0.400502,-1.511777,b
1.00584,-1.225452,b
-1.970044,-0.022508,b
0.162002,-1.630074,b
-1.398946,-0.849563,b
-1.883162,-0.244864,b
-1.844581,-0.179892,b
1.464111,-0.380316,b
-0.56192,-1.348328,b
-0.928335,-1.186757,b
1.179899,-0.335536,b
0.827618,-1.353032,b
1.22702,-1.075195,b
0.749446,-1.070806,b
-0.367704,-1.788571,b
-0.482998,-1.622821,b
-0.771868,-1.428262,b
-1.47861,-0.569275,b
0.517546,-1.306114,b
1.291706,-0.405461,b
-1.454964,5.142118,c
-1.057988,-5.410215,c
4.307847,1.268187,c
3.1095,-2.005986,c
3.993878,0.824427,c
3.763647,0.992905,c
4.224283,-0.59997,c
-4.015337,-0.278058,c
-1.514353,-3.334022,c
-1.807919,2.899983,c
2.144544,-4.322139,c
-3.772723,-1.604135,c
1.670984,-3.482231,c
-2.0577,3.75302,c
-0.157593,-5.023431,c
4.39268,0.511083,c
4.340898,-0.940292,c
-1.945673,-4.473274,c
2.482026,3.651568,c
1.64516,4.130759,c
3.103933,3.460524,c
4.135757,-3.182908,c
3.678162,0.84106,c
1.359533,-4.749443,c
-2.447674,-3.431486,c
-2.487134,2.682149,c
-3.482033,3.37677,c
3.515435,2.013046,c
-3.156754,-2.668298,c
-2.158504,-3.315526,c
-1.493861,4.731661,c
3.3572,1.512401,c
-1.028914,-5.374847,c
2.502521,-2.765907,c
5.2247,0.122577,c
4.208534,-2.992444,c
3.234548,4.254206,c
5.240637,-1.812255,c
1.032722,-3.927379,c
4.246743,-1.359394,c
0.723341,3.644411,c
0.342731,3.379204,c
4.090943,-3.536839,c
1.761767,-4.811668,c
-3.984736,-0.129234,c
2.980517,3.458137,c
5.305989,1.280254,c
3.404736,4.448072,c
-5.525762,0.203072,c
3.045358,-4.411187,c
2.297611,4.518647,c
-1.827659,3.558264,c
0.621217,4.008708,c
2.114488,-5.191535,c
5.129406,-1.12811,c
0.521905,4.607341,c
0.697677,4.996593,c
0.716482,4.892395,c
0.08838,-4.701551,c
5.178028,-0.099189,c
0.608955,-4.789736,c
-3.928413,0.607126,c
0.693944,4.924843,c
1.136491,-3.429504,c
0.399542,-3.734183,c
-5.116546,0.523269,c
-4.395169,-2.406914,c
3.341635,-0.861689,c
4.298648,-0.519804,c
-2.533035,3.574784,c
-3.470378,-3.727446,c
0.636524,-3.518375,c
-1.522415,-4.995999,c
2.989922,-3.406694,c
-1.048461,-4.540681,c
3.897135,3.313877,c
-0.649525,3.987922,c
4.264501,-3.253347,c
3.435851,2.473377,c
-4.178479,2.514811,c
3.814151,2.124075,c
0.157232,-5.246528,c
3.315307,-2.271017,c
3.223892,-1.498989,c
3.788325,2.061579,c
-1.573978,-5.124441,c
5.11237,1.085175,c
3.666461,2.492377,c
-2.748547,-1.97436,c
3.647793,-1.214075,c
-3.342702,-3.932749,c
-3.158986,4.306411,c
3.455762,2.399342,c
1.248025,5.441773,c
-0.230799,4.906768,c
1.568444,3.868798,c
2.219289,-4.51779,c
4.097978,-3.082607,c
-4.166587,3.197442,c
-3.084609,1.878269,c
2.059718,-4.018763,c
-0.005392,-3.941409,c
-4.105439,1.721475,c
-2.02514,4.889679,c
2.560278,-3.74619,c
-2.167205,-3.637265,c
-3.127038,-1.840672,c
0.886786,4.378302,c
-1.231906,-3.424565,c
4.626334,2.646779,c
-0.072989,-3.553949,c
-4.766063,-0.734636,c
5.155728,0.337572,c
-2.821138,-2.755924,c
3.803113,2.162787,c
-2.352155,-2.857935,c
3.38979,-4.301436,c
4.541931,-2.477303,c
5.009096,-0.638909,c
-0.358458,4.644999,c
-2.686153,2.236018,c
-2.874024,-2.359627,c
4.47711,-3.340618,c
-4.632532,-2.497019,c
-3.883234,3.955596,c
-4.727356,-2.847637,c
-4.694419,0.976321,c
-1.856122,-3.286803,c
2.304122,3.068464,c
4.142364,0.762487,c
0.063617,3.942004,c
-2.551387,-2.985549,c
5.444795,-0.590675,c
-2.011636,-3.380676,c
-1.392731,-4.757009,c
0.705523,-3.400412,c
2.55637,-2.376142,c
-3.786416,0.44997,c
-4.396744,1.955324,c
-1.796703,3.343624,c
-1.14588,4.17884,c
1.098441,3.451823,c
-3.37885,-3.943839,c
2.402568,3.117843,c
4.971955,2.388381,c
0.527584,-4.931275,c
4.75753,0.501347,c
-2.935606,1.827261,c
3.540236,1.152304,c
3.779077,3.788709,c
0.025845,-5.120563,c
-3.957688,0.255121,c
-4.1205,1.853676,c
-4.844107,0.790747,c
-3.99064,-1.906975,c
-1.652557,3.980771,c
1.583603,-4.905391,c
0.56006,-5.333004,c
0.637274,-5.146637,c
-4.238557,-3.098603,c
0.33768,5.475922,c
-1.840805,4.53799,c
-1.163066,4.192217,c
-1.417199,-4.881722,c
-5.011148,-1.801173,c
-3.538414,3.809207,c
4.197677,-1.042659,c
-3.398521,3.561281,c
-5.500841,-0.66854,c
-4.402745,3.098306,c
-4.721846,-1.997895,c
-2.920718,-2.476776,c
0.915377,-3.590932,c
-4.904933,1.642851,c
3.099472,1.727165,c
4.036285,1.73022,c
4.312088,0.625274,c
4.174728,0.063557,c
0.539058,3.417818,c
0.245817,4.261828,c
-1.769832,-3.65638,c
0.984524,-5.373098,c
4.049024,0.762831,c
-3.852735,1.396601,c
-0.103536,3.487649,c
-0.314584,-3.536296,c
5.368594,-0.789381,c
-1.587582,-4.41766,c
3.438181,0.571926,c
0.328262,4.859914,c
3.469725,-4.343079,c
-0.307926,-4.600485,c
0.492759,4.771555,c
3.749145,-0.409156,c
-3.264076,-2.247777,c
-3.240823,1.758011,c
1.118131,4.525397,c
-4.294591,-0.664096,c
-1.315361,-4.337845,c
-3.834311,3.245377,c
4.044866,-3.003364,c
-2.414782,4.131445,c
-4.423881,-1.481496,c
1.04222,4.701931,c
0.994643,-3.736707,c
-4.163457,2.140194,c
0.610774,-4.078932,c
-0.538123,4.573395,c
-1.732222,-4.027627,c
4.433091,2.833937,c
-0.134417,4.731732,c
3.786082,3.472025,c
-3.443343,3.847498,c
1.335295,3.098824,c
-0.181373,4.871429,c
-4.786591,-0.844749,c
1.291331,4.256059,c
-4.867881,-2.288487,c
5.255311,-1.950482,c
-4.783878,-0.116615,c
-3.18781,3.701478,c
-2.082602,4.348897,c
3.17938,3.381416,c
3.784269,-4.147294,c
2.082186,4.016915,c
-2.098295,4.952257,c
3.737529,-2.76162,c
-3.657642,-3.86259,c
1.802574,-3.771468,c
-0.193213,-5.433493,c
-3.425752,-3.824569,c
5.078938,-1.185982,c
4.176053,2.020527,c
1.577394,5.153633,c
3.037899,-1.726801,c
0.769394,4.466959,c
-2.624349,-4.108419,c
-4.705078,-2.331986,c
-0.672801,3.887982,c
0.215083,-5.151122,c
0.775767,5.303081,c
-2.843862,4.608714,c
4.108896,-2.292351,c
-2.219539,3.164832,c
1.92712,3.218188,c
-2.294762,-3.406386,c
-3.943791,-2.209948,c
-3.933201,-3.513351,c
-0.355724,5.592032,c
4.037452,-1.196119,c
-0.843293,-4.944807,c
-3.426324,3.247354,c
-3.393198,-3.126066,c
-1.634023,5.073938,c
0.493108,-4.396018,c
4.327801,-0.827873,c
-5.032301,-1.382829,c
-1.001917,5.354791,c
-2.476494,-2.359788,c
-0.141373,5.293388,c
-0.873001,-4.689061,c
0.298258,-5.286402,c
-3.962532,-2.92407,c
-2.373395,-3.693579,c
-4.466019,-3.30514,c
-3.196719,1.867964,c
-3.7348,0.392571,c
-1.12561,-4.716407,c
5.248001,-1.511341,c
3.473689,0.169366,c
0.909699,-4.51316,c
3.224538,-1.773242,c
0.471891,4.961109,c
2.148231,-4.429352,c
-2.832833,-2.662434,c
0.923365,-3.517343,c
-1.20009,3.989032,c
5.073377,1.807356,c
5.036181,-0.998216,c
-3.191922,-4.575779,c
3.474235,2.538598,c
2.563717,-3.4023,c
-1.528566,4.547806,c
2.052916,-2.884006,c
-2.252782,2.792855,c
0.165211,-4.878264,c
-4.675804,-1.852937,c
-5.264599,-1.071051,c
4.625187,-0.886732,c
-3.624263,-1.325026,c
-4.676864,-1.303118,c
-5.464538,0.990178,c
-4.159228,-3.204386,c
-3.067194,4.650112,c
5.020367,-2.242836,c
-1.183762,-3.888476,c
-2.514612,4.005528,c
-4.78008,-1.642891,c
3.178368,-4.152773,c
0.482009,4.627582,c
-3.42177,-4.440338,c
3.195401,4.01536,c
-3.376025,3.383971,c
1.435196,-3.861487,c
-4.963161,0.94396,c
-3.72226,0.906526,c
3.658062,4.177296,c
-2.166564,-4.388448,c
0.077212,4.81514,c
-3.583014,2.473071,c
0.653559,-4.410987,c
-5.350883,1.490056,c
1.909194,4.472682,c
0.290375,3.373218,c
2.98795,4.328595,c
-0.144522,3.418013,c
-0.35052,4.157332,c
-4.015666,2.503704,c
-0.934098,3.362504,c
-3.225395,2.806328,c
1.920761,3.517691,c
1.058463,4.566184,c
-0.068572,-4.039725,c
-4.153194,1.629293,c
4.428828,1.805821,c
-2.517668,4.884825,c
-4.184185,-0.842121,c
2.473424,-3.131485,c
3.58495,-3.27207,c
2.313295,-3.555453,c
-2.777919,3.160164,c
-0.392964,4.401542,c
-1.821104,-5.122147,c
2.757552,4.331152,c
3.774232,2.981614,c
0.479069,3.63688,c
-2.567402,-3.00276,c
2.440383,2.349213,c
2.666284,4.293456,c
-4.736668,0.152002,c
-4.291402,0.500606,c
-0.491101,-4.301079,c
5.184942,-0.831397,c
-2.758592,3.904269,c
4.879527,0.226911,c
-3.543537,-1.981764,c
-2.982934,2.214819,c
-3.846243,2.27059,c
1.51369,5.00385,c
-3.464421,-1.607277,c
-4.211899,-0.214013,c
-3.264418,-3.040263,c
-2.087553,-4.307051,c
-0.925727,5.282577,c
-0.266432,3.899851,c
-0.434998,3.794046,c
-1.70398,4.322527,c
2.949007,2.550543,c
1.94497,-4.204865,c
-1.588193,-3.73248,c
-0.784672,3.700539,c
2.707951,-4.077724,c
-2.074186,-3.741673,c
5.015064,-0.63648,c
3.739032,0.612566,c
4.500144,1.500392,c
-3.301671,-3.454267,c
-4.438852,3.248658,c
2.336672,4.276772,c
-4.063985,-1.515082,c
4.969715,-1.099304,c
5.228851,-0.899015,c
3.158689,-3.460998,c
1.071324,-4.591393,c
-3.503704,-3.965701,c
3.552158,2.087146,c
1.322186,-3.53599,c
3.6898,4.200314,c
-4.270818,0.04495,c
-0.95114,-3.564689,c
0.231804,5.223485,c
-0.630766,-3.895061,c
3.980928,2.6376,c
-3.934126,-3.841724,c
4.490468,-2.119962,c
2.996061,2.344472,c
-3.456175,-3.368236,c
-3.963913,-1.825603,c
-2.632711,-3.33364,c
5.549006,-0.207669,c
-1.980816,4.346659,c
-2.375232,2.648455,c
-3.199081,3.741971,c
3.031942,3.251868,c
4.15976,2.762346,c
4.462848,2.647008,c
3.654556,-1.351172,c
-0.892861,-5.108024,c
-3.648993,1.555004,c
-1.711754,-4.907477,c
-2.862188,-2.230358,c
-3.539649,-0.013686,c
1.798563,-4.542623,c
0.20494,3.946739,c
1.823919,-5.255079,c
-3.017177,-2.687744,c
2.420111,4.276276,c
-1.395318,-5.212224,c
2.083325,3.877831,c
3.711642,3.918233,c
-3.643076,-1.805308,c
-1.640356,-3.062093,c
4.15675,3.570548,c
-3.649315,1.143007,c
-0.725598,5.486469,c
0.593963,4.402854,c
2.633624,-2.784579,c
-2.635575,3.17586,c
-3.539671,-0.7727,c
2.22093,2.724931,c
-2.434252,2.633228,c
1.469703,4.100969,c
-4.249007,-2.368192,c
-3.039789,1.498684,c
-0.617117,3.581685,c
5.352904,0.414062,c
0.066373,-3.560367,c
2.606528,-2.385907,c
-3.676851,-0.22372,c
-4.60332,-1.887701,c
-3.857581,3.17916,c
-5.331415,1.171441,c
0.731591,4.869979,c
-4.607251,1.195534,c
-2.04145,-4.570255,c
-1.090629,5.030695,c
-4.051478,-1.90994,c
4.620656,-1.947068,c
3.462889,1.993416,c
0.208922,3.415202,c
-2.198079,-4.89536,c
0.2772,-4.736949,c
2.962954,3.793736,c
-2.632231,-2.538955,c
0.334578,4.026031,c
-1.891946,-4.45274,c
4.15301,1.595278,c
2.140031,-4.240722,c
-4.945713,-1.423881,c
4.747069,0.649332,c
3.243544,-1.637192,c
-0.933269,-3.275839,c
1.501477,3.783281,c
-1.346363,3.423146,c
4.319192,-3.268418,c
1.416341,4.950834,c
-2.433224,2.478913,c
-3.535581,-2.84366,c
-3.86715,-3.282837,c
-1.335084,5.0806,c
-2.700725,-4.770423,c
2.647936,3.944844,c
3.939794,1.150386,c
-4.107545,1.276032,c
-2.69763,-3.666958,c
-0.122391,-4.418069,c
2.279146,-3.268386,c
4.659077,-1.716593,c
4.374726,-0.440929,c
-3.021397,-3.189699,c
-3.805281,2.411621,c
-0.733022,-3.627565,c
2.130239,-4.843592,c
1.307293,-5.003449,c
0.389582,3.727967,c
-0.540611,3.379753,c
-2.530442,2.521382,c
0.942865,-4.271984,c
3.528243,1.815121,c
-1.586889,3.536394,c
1.538166,5.003578,c
-2.501125,4.083161,c
1.236389,-4.400227,c
2.607768,-2.374111,c
3.444616,-4.344616,c
-2.46286,-4.786273,c
-0.219536,-3.458359,c
-3.563684,3.375229,c
1.667523,4.759022,c
-2.566981,-4.937404,c
-4.58892,-3.058029,c
-0.828907,4.720084,c
3.485873,-3.463521,c
-0.873368,5.450543,c
-1.692633,4.457664,c
-4.519687,3.06834,c
-3.309407,1.324019,c
-0.884567,-5.469794,c
-3.532118,0.227042,c
2.897281,-3.07895,c
1.84629,-2.90224,c
-1.947294,-4.619981,c
4.122456,1.972169,c
-2.968291,2.662953,c
-3.517636,-3.654244,c
1.851933,-3.106927,c
-1.309966,4.364363,c
2.55316,-4.622537,c
3.701043,1.473998,c
2.505241,3.436133,c
0.754402,-4.948653,c
-3.385469,-2.673517,c
3.854642,-3.479994,c
4.236031,2.008291,c
-4.182221,2.800268,c
0.979853,5.435139,c
0.672765,-5.548362,c
-1.054797,3.365545,c
0.841361,-3.530749,c
4.657727,-1.085643,c
3.518595,1.361857,c
-1.374768,-4.064502,c
4.9288,-1.010125,c
5.556737,0.183238,c
-3.351424,4.485337,c
-5.022316,1.630487,c
4.520942,3.144065,c
0.564689,4.324241,c
4.94758,1.474248,c
-5.484995,-0.363617,c
-4.106738,-2.809301,c
1.150917,3.58723,c
-2.429444,-4.10713,c
3.448013,-4.020418,c
-0.685332,-3.386964,c
-0.047384,3.648047,c
-2.309903,-2.984504,c
-0.090997,5.120241,c
1.151369,-3.730819,c
-1.030455,-3.819531,c
-0.003616,-4.965888,c
2.279155,4.728914,c
3.550646,4.131036,c
2.009109,4.127764,c
5.469628,0.400287,c
-1.232948,-4.6157,c
5.029216,-1.017551,c
-3.825803,1.882954,c
3.139011,-2.295378,c
-2.068673,3.272114,c
-3.763715,2.738265,c
3.910845,-3.679003,c
2.714875,-2.524511,c
4.312161,-2.85698,c
-1.748115,-3.983734,c
5.185274,-0.546846,c
2.9565,-4.687195,c
0.414509,-5.227385,c
4.31731,-1.125511,c
-5.251745,0.123268,c
-4.246714,-2.431262,c
4.717977,-2.812993,c
-0.084128,4.629105,c
1.410045,-4.140252,c
-4.353031,1.661308,c
-4.782076,-0.081513,c
-2.980896,-4.567727,c
-3.95675,3.478156,c
0.979133,3.46089,c
-1.393964,-3.87288,c
4.167552,-2.23893,c
2.911138,1.70704,c
-3.468545,-1.949603,c
-3.366595,4.335095,c
-4.171646,-0.187986,c
-3.670556,0.62999,c
-2.961481,-4.011604,c
2.496286,3.88897,c
3.668572,0.580211,c
1.300131,-3.870984,c
0.300408,3.427559,c
3.385776,0.058733,c
-1.719519,4.889522,c
3.467304,-3.842125,c
-3.421685,-4.330958,c
-1.888174,3.872652,c
3.987828,-1.359811,c
1.323042,-4.00601,c
3.972406,-2.347585,c
-0.097117,-4.667415,c
1.092835,3.925567,c
2.168263,4.752164,c
-3.55289,-0.399854,c
-2.219798,2.99205,c
-5.518016,0.587073,c
-4.51999,0.828827,c
-4.223987,1.64249,c
-0.143068,4.336193,c
-2.766734,-3.553542,c
-5.100256,-0.98896,c
-1.27324,-3.857546,c
-3.557119,1.656269,c
0.100993,-4.055184,c
3.600317,-2.081112,c
-3.406552,-3.358308,c
-5.30763,0.045146,c
-4.764382,0.735433,c
-3.834167,-3.658838,c
4.645867,2.939477,c
-2.878579,3.68629,c
2.366001,-3.072852,c
-4.18318,-2.992174,c
-1.278279,4.721933,c
3.708058,-4.171915,c
-1.78872,-4.022329,c
-1.95076,-4.181274,c
2.494422,4.736518,c
3.821202,3.55987,c
-4.234297,-0.070956,c
-3.15851,-3.132417,c
1.665073,3.960908,c
-4.980404,-2.025612,c
3.438299,-1.157119,c
-0.291078,5.001902,c
2.771617,-2.129209,c
-3.953702,-3.902078,c
2.581042,-4.796687,c
3.004418,2.503682,c
-3.291375,-4.36417,c
-3.225361,1.144708,c
5.373898,-0.598391,c
3.587343,-2.945109,c
-2.67739,4.699147,c
3.038009,-2.584057,c
-4.102453,-1.296362,c
1.036518,4.253865,c
-4.073571,-1.129234,c
-2.656563,4.776029,c
5.119566,-1.429611,c
-2.913906,3.559766,c
3.530838,-3.26729,c
-0.090741,-3.752265,c
0.013581,4.28471,c
-0.898958,-3.425692,c
4.624443,2.12205,c
3.303919,2.134652,c
0.453046,3.845141,c
-4.621882,0.894209,c
3.042,-4.585928,c
5.165684,-0.853619,c
-0.487161,-3.995648,c
-0.7014,-4.446432,c
2.636348,-3.396139,c
3.491092,-2.849614,c
-2.210245,3.922276,c
-1.946991,-3.482474,c
2.446728,3.347552,c
-2.583726,2.589733,c
-4.235767,2.485272,c
-1.897447,4.835198,c
-3.957016,-2.05938,c
0.150326,-4.725805,c
4.184888,-1.9609,c
-3.080366,-3.041074,c
3.780577,-1.343388,c
2.07338,3.143479,c
-3.043256,2.495357,c
1.37852,-3.62719,c
4.163454,3.139035,c
4.176226,2.306042,c
3.765623,-2.900237,c
-3.997292,-1.683441,c
3.828149,-0.821435,c
-1.617041,4.147736,c
3.835352,-0.604079,c
3.379459,3.33571,c
-0.838313,4.01958,c
-0.224001,-4.764574,c
-5.461663,0.573866,c
-4.390307,2.810514,c
1.947051,-3.59235,c
-3.210139,-2.549726,c
-2.809261,4.646694,c
1.916787,-5.111523,c
-3.221669,4.054569,c
2.058518,-3.53569,c
0.058841,3.667961,c
2.714523,4.179934,c
-3.710758,1.124476,c
-1.609919,-4.193615,c
-3.105708,3.74438,c
-3.501877,1.277892,c
2.325219,-3.798864,c
1.326247,5.410545,c
4.016275,-2.4026,c
-1.942814,-5.145016,c
1.179017,5.042794,c
4.006619,1.376049,c
1.413769,4.903402,c
3.41803,4.171019,c
-3.041669,-1.661372,c
-3.392174,0.9533,c
5.054807,-1.53407,c
1.863966,3.207217,c
3.032347,3.095033,c
-2.800055,4.110263,c
3.58786,0.984872,c
-3.720045,-1.822769,c
2.432452,-4.197606,c
4.094966,1.849963,c
1.660837,3.50583,c
-3.03242,-2.971331,c
-1.598479,-4.298361,c
5.499151,0.152586,c
-0.016147,-4.935789,c
-2.539906,2.22101,c
0.546262,4.412403,c
-2.983614,3.350209,c
0.238806,-3.64742,c
2.152465,5.113561,c
0.977454,3.796992,c
-4.245231,-2.691004,c
-3.564482,-1.400092,c
1.838147,3.712826,c
1.772154,4.854518,c
3.775466,0.950288,c
4.614284,-2.779215,c
3.960822,-1.297278,c
-5.465281,0.858851,c
3.167357,-3.138092,c
-3.091893,-4.116234,c
2.775552,4.066564,c
3.034115,-4.183404,c
-1.762147,-4.170403,c
3.558962,-2.266307,c
1.710287,-5.187834,c
1.85458,-3.356712,c
-4.785434,1.128087,c
1.088914,3.44282,c
3.087585,3.052273,c
2.95074,-2.228902,c
-1.625931,4.049728,c
-3.828173,-1.993236,c
4.706984,2.957494,c
-3.034616,4.601579,c
3.673531,1.516609,c
4.845005,1.94149,c
-3.085578,-3.814487,c
-3.903517,-2.211936,c
2.535862,-2.6399,c
1.579536,5.21428,c
2.516155,4.380046,c
3.524209,-0.587325,c
4.593416,1.920831,c
4.666818,1.473783,c
4.263687,3.462,c
2.089985,4.218384,c
2.599721,2.859771,c
1.078505,-3.686267,c
-1.137031,3.938515,c
4.314533,-2.544657,c
4.622593,-0.242002,c
3.595346,-0.655707,c
0.25647,-3.937739,c
-4.723727,2.05593,c
2.331587,-3.788676,c
-2.687411,-2.437319,c
-5.278689,0.227373,c
1.900378,-3.329488,c
0.981015,-4.990023,c
-3.644708,-0.445164,c
-3.816293,1.385751,c
-2.020831,-4.041566,c
1.511572,-3.058702,c
4.567355,-2.540516,c
2.319924,-4.817012,c
-4.460823,2.215051,c
5.201503,-1.017014,c
-3.905673,-3.522277,c
-0.229356,-5.190109,c
-3.027794,-3.807963,c
3.825572,-1.061042,c
2.508317,-2.923838,c
-3.929465,-3.489178,c
2.869544,-3.366352,c
-2.13829,3.001377,c
1.968907,-5.101585,c
4.637911,1.051962,c
4.644976,1.081614,c
-2.524437,4.709845,c
0.354139,3.902344,c
4.603292,1.566751,c
4.422973,3.004102,c
2.561422,-3.213084,c
0.832979,4.39278,c
3.667848,-2.597175,c
-2.347022,-3.180727,c
-1.17995,-4.131308,c
-1.755195,-3.648353,c
3.723507,0.746098,c
3.401049,-0.330451,c
-3.717988,-1.324834,c
-2.293044,-2.676609,c
-2.887544,4.171154,c
-1.961959,4.792254,c
2.135266,3.986709,c
-4.06209,3.140404,c
2.836822,-2.796452,c
3.626302,-3.118579,c
3.356495,1.071959,c
2.647271,3.50887,c
-4.212485,0.387796,c
-4.885498,-1.689345,c
4.123501,-1.424902,c
5.100218,-0.906178,c
-2.658188,4.05509,c
-3.780262,-3.430972,c
-4.044744,-1.913448,c
-5.085785,1.948026,c
-3.437548,0.229128,c
3.142312,-2.772668,c
2.160443,-3.874806,c
1.812234,-4.002471,c
-2.300039,-2.650069,c
1.194846,4.215315,c
-3.794039,-0.644762,c
3.446747,-0.157684,c
5.133932,1.708346,c
3.235625,-3.139201,c
2.750021,2.564676,c
3.275762,2.489933,c
1.94182,4.151106,c
-0.78759,4.777453,c
2.401183,-4.985408,c
4.16649,2.246577,c
0.799776,4.838304,c
4.141661,2.294228,c
-0.846457,5.099076,c
2.444936,-3.579428,c
4.307091,-3.475533,c
2.769968,4.212668,c
2.349715,4.958885,c
0.712292,-3.81778,c
-4.898352,-0.730715,c
5.212763,-1.352226,c
-5.239148,1.202734,c
1.225765,5.168036,c
0.809246,-4.78584,c
-4.524883,-1.070665,c
-4.296578,0.724552,c
2.947198,-1.696422,c
-2.441128,-2.506951,c
-4.982481,1.671255,c
-1.349143,3.136826,c
3.618416,-2.643894,c
4.694199,1.437081,c
2.933743,3.37369,c
-4.310287,2.540813,c
5.035056,-1.925879,c
-3.127548,-2.368856,c
-3.213325,3.882702,c
-3.412527,3.291567,c
-3.870031,1.538723,c
-2.966342,3.850225,c
2.932996,3.390758,c
4.939386,2.283698,c
4.335934,-0.52882,c
-4.193417,-1.064576,c
-4.399217,0.777343,c
3.644219,1.942074,c
3.077769,3.405585,c
4.890731,-0.438811,c
4.868577,-0.817121,c
-2.871875,-2.429019,c
-2.989302,-3.024802,c
5.018392,-1.430443,c
0.350037,4.443343,c
-3.740076,2.719946,c
-2.491779,4.163681,c
0.58546,-5.024233,c
2.781927,4.229237,c
2.598197,2.763544,c
-4.751917,-2.566841,c
-3.473585,0.924255,c
3.905759,-2.831783,c
0.345847,4.101422,c
-4.001826,-1.885708,c
-1.340613,-4.990295,c
0.251334,-3.569197,c
-4.171004,-1.354318,c
4.723024,2.436242,c
-0.804389,4.261286,c
-3.129383,-2.558064,c
-2.839409,-4.435439,c
-2.809726,-3.110328,c
3.65098,-3.752905,c
2.860379,-2.081015,c
4.909242,0.22769,c
2.852668,-3.404875,c
2.473469,-3.236567,c
5.249636,-1.973015,c
4.478385,-1.140949,c
0.96658,5.091855,c
3.492658,2.747596,c
-2.98482,-4.46707,c
2.203665,3.834823,c
3.780908,-0.760409,c
4.501403,1.694164,c
4.221331,-0.045618,c
4.483162,2.921077,c
-0.524097,3.659981,c
-3.563939,-4.183029,c
-4.781256,-0.034948,c
